Model,FuelUrbanModel,FuelExtraurbanModel,PayLoadModel,TareMassModel,KerbWeightModel,RonRatingModel,GrossVehicleMassModel,GreenhouseRatingModel,AirpollutionRatingModel,OverallGreenStarRatingModel,FuelCombinedModel,CO2CombinedModel,AncapRatingModel
1 Tonne,,,,,,,,,,,,,
1.5i,8.5,6.4,,,978.0,91.0,1455.0,,,,7.2,,
100,,,,,1250.0,91.0,1800.0,,,,,,
121,7.2,5.4,,878.0,942.0,91.0,,,,,6.1,,
147,9.5,6.8,520.0,1250.0,1270.0,95.0,1790.0,6.0,5.0,3.0,8.9,211.0,3.0
156,9.5,5.8,,1225.0,1285.0,95.0,1770.0,,,,8.6,205.0,
159,9.4,5.6,,1643.0,1650.0,,,6.0,5.0,3.0,7.0,185.0,5.0
180E,10.5,8.0,,1200.0,1200.0,91.0,,,,,8.9,,
19,9.2,6.2,,1027.0,1060.0,91.0,,,,,7.3,,
190E,10.0,8.5,,1200.0,1210.0,91.0,,,,,9.1,,
2,8.2,5.4,,1005.0,1032.0,91.0,,7.0,5.0,3.5,6.8,156.0,4.0
200SX,10.0,7.0,,1235.0,1265.0,95.0,1780.0,,,,8.2,,
206,7.8,5.3,,1031.0,1050.0,95.0,1560.0,7.0,6.5,3.5,6.3,179.0,
207,9.6,5.3,374.0,1248.0,1321.0,95.0,1695.0,7.5,6.5,4.0,6.9,160.0,5.0
208,8.05,4.6,542.0,1093.0,1090.0,95.0,1632.0,8.0,8.0,5.0,5.85,137.0,5.0
230E,11.0,9.5,,,,91.0,,,,,10.1,,
230TE,,,,,,,,,,,,,
260E,,,,,,,,,,,,,
280SE,,,,,,,,,,,,,
280SEL,,,,,,,,,,,,,
3,11.3,6.3,411.0,1260.0,1292.0,91.0,1851.0,6.5,6.5,3.5,8.2,193.0,5.0
300,13.9,6.7,462.0,1838.0,1897.0,91.0,2359.0,6.0,7.5,3.5,9.4,219.0,
3000GT,12.0,8.0,,1670.0,1720.0,95.0,,,,,9.5,,
3008,10.7,6.0,,1447.0,1555.0,95.0,,7.0,8.5,4.5,7.7,178.0,
300ZX,,,,,1405.0,,,,,,,,
300c,14.8,8.4,452.0,1830.0,1880.5,98.0,2340.0,5.0,6.5,3.0,11.45,271.0,
306,9.9,6.1,,1236.0,1270.0,91.0,,,,,7.5,,
307,10.7,6.0,,1260.0,1413.0,95.0,1870.0,6.5,6.5,3.5,7.9,195.0,4.0
308,11.0,5.7,422.0,1465.0,1517.0,95.0,1955.0,7.0,6.5,3.5,7.7,179.5,5.0
30X,10.5,7.6,,1123.5,1158.0,91.0,,,,,8.7,,
3200GT,,,,1500.0,1590.0,95.0,2050.0,,,,,,
323,9.0,6.6,,1060.0,1128.0,91.0,,,,,7.7,,
350Z,,,,1468.0,1456.5,95.0,,4.0,5.0,2.5,11.3,269.0,
370Z,15.2,7.7,270.0,1478.0,1510.0,95.0,1780.0,5.0,6.5,3.5,10.4,247.0,
380,,,,1622.0,1665.0,91.0,,5.0,5.0,3.0,10.8,259.0,4.0
380SEC,19.0,13.0,,,1690.0,,,,,,15.2,,
4007,9.3,6.0,595.0,1710.0,1815.0,,2410.0,6.5,6.0,3.5,7.2,189.0,
4008,10.2,6.5,565.0,1347.0,1405.0,91.0,1970.0,6.5,6.5,3.5,7.9,185.0,
400SEL,16.0,11.0,,2110.0,2170.0,91.0,,,,,12.8,,
405,10.5,6.6,,1105.0,1105.0,91.0,,,,,8.0,,
406,12.0,7.4,,1342.0,1390.0,95.0,1850.0,,,,9.1,,
407,11.9,6.5,471.0,1533.0,1660.0,95.0,2237.5,5.5,5.0,3.25,8.5,224.0,5.0
420SE,,,,,1640.0,,,,,,,,
450SLC,,,,,1690.0,,2095.0,,,,,,
4Runner,,,600.0,,1765.0,,2520.0,,,,,,
500,8.2,5.2,440.0,957.0,1130.0,91.0,,8.25,7.0,4.5,6.3,135.0,5.0
5008,11.2,6.0,,1506.0,1565.0,95.0,,,,,7.9,183.0,5.0
500SL,14.5,9.5,,1770.0,1830.0,91.0,,,,,11.3,,
508,7.6,4.6,,1388.0,1544.0,,,7.5,6.0,3.5,5.7,150.0,5.0
560SEC,,,,,1750.0,91.0,,,,,,,
560SEL,,,,,1830.0,91.0,,,,,,,
6,10.0,6.9,,1410.0,1433.0,91.0,,6.0,6.5,3.5,8.8,208.0,5.0
626,10.0,7.4,,1225.0,1271.0,91.0,,,,,8.4,,
740,,,,,,,,,,,,,
75,11.0,7.4,,1510.0,1510.0,91.0,2090.0,,,,8.7,249.0,
760,,,,,1385.0,,,,,,,,
80,11.0,7.0,,1290.0,1290.0,91.0,1815.0,,,,8.5,,
800,10.75,6.9,,1500.0,1515.0,93.0,,,,,8.3,,
850,11.5,6.8,,1420.0,1410.0,91.0,,,,,8.5,,
86,10.4,6.4,402.0,1198.0,1275.0,98.0,1670.0,6.5,7.5,4.0,7.8,181.0,5.0
9-3,10.6,6.6,627.0,1464.0,1493.0,91.0,1909.0,6.5,5.0,3.5,8.1,229.0,5.0
9-5,11.0,6.6,,1515.0,1532.0,95.0,2020.0,,,,8.2,242.0,5.0
900,11.3,7.0,,1317.0,1319.0,93.0,1875.0,,,,8.7,,
9000,12.0,7.1,,1353.0,1364.0,91.0,1930.0,,,,9.0,,
900i,,,,1201.0,1201.0,,,,,,,,
911,19.5,9.55,,1447.0,1512.5,98.0,1720.0,,,3.0,13.2,309.0,
911 Carrera,18.3,8.5,355.0,1379.0,1420.0,98.0,1720.0,4.5,6.5,3.0,12.1,281.0,
929,13.0,9.5,,1603.5,1625.0,91.0,,,,,10.8,,
A1,6.5,4.4,395.0,1125.0,1125.0,95.0,1607.5,8.0,6.5,4.0,5.3,122.0,5.0
A150,,,465.0,1131.0,1195.0,95.0,1660.0,,,,6.7,159.0,
A160,7.6,5.4,442.5,1020.0,1130.0,91.0,1500.0,,,,7.4,176.0,
A170,,,415.0,1226.0,1290.0,95.0,1705.0,7.0,6.5,3.5,7.1,169.0,
A180,7.4,4.9,525.0,1340.0,1395.0,95.0,1920.0,8.0,7.5,4.5,5.8,135.0,5.0
A190,8.15,5.8,445.0,1100.0,1170.0,91.0,1565.0,,,,7.6,181.0,
A200 CDI,5.2,4.3,525.0,1468.0,1475.0,,2000.0,8.0,6.0,4.0,4.6,121.0,5.0
A250,8.6,5.3,525.0,1452.0,1445.0,95.0,1970.0,7.5,7.5,4.5,6.6,152.0,5.0
A3,8.0,5.2,510.0,1360.0,1345.0,95.0,1865.0,7.0,6.5,3.5,7.1,159.0,5.0
A4,9.6,5.9,550.0,1470.0,1470.0,95.0,1960.0,7.0,6.5,3.5,7.3,169.0,5.0
A45,8.8,5.8,495.0,1500.0,1555.0,98.0,2050.0,7.0,7.5,4.0,6.9,161.0,5.0
A5,9.15,5.9,500.0,1655.0,1650.0,95.0,2050.0,7.0,6.5,3.5,7.2,179.0,
A6,11.9,6.25,580.0,1550.0,1613.0,95.0,2130.0,6.5,6.0,3.5,8.5,192.5,5.0
A7,6.0,4.7,,1960.0,,,2435.0,,,,5.2,136.0,
A8,14.0,9.0,,1745.0,1750.0,95.0,2365.0,4.0,6.5,3.0,10.8,222.5,
APV,,,785.0,1173.0,1165.0,91.0,1950.0,6.5,5.0,3.5,8.1,190.0,
ASX,9.8,6.4,605.0,1325.0,1365.0,91.0,1970.0,6.5,6.5,3.5,7.4,181.0,5.0
Accent,8.0,5.1,420.0,1011.0,1055.5,91.0,1560.0,7.5,6.5,4.0,6.300000000000001,151.0,5.0
Accord,12.4,7.3,,1470.0,1515.0,91.0,1913.0,6.0,6.5,3.5,9.3,218.0,5.0
Accord Euro,12.3,6.9,,1510.0,1555.0,95.0,,6.0,8.5,4.0,8.9,211.0,5.0
Actyon Sports,10.7,6.5,828.0,1892.5,1912.0,,2690.0,6.0,3.0,2.5,8.0,208.0,
Adventra,,,590.0,1851.0,1895.0,91.0,2500.0,,,,13.2,314.0,
Alfa 75,12.5,9.0,,,1185.0,,,,,,10.3,,
Alfetta,,,,,,,,,,,,,
Altima,10.2,6.0,,1435.0,,91.0,1960.0,7.0,7.5,4.0,7.5,174.0,5.0
Alto,6.6,4.6,345.0,883.0,905.0,95.0,1250.0,8.0,8.5,5.0,5.3,126.0,4.0
Amarok,9.7,7.3,1014.0,1945.0,2018.0,,3040.0,5.0,6.0,3.0,7.9,209.0,5.0
Apollo,10.0,7.6,,1210.0,1305.0,91.0,1830.0,,,,8.5,,
Applause,7.8,6.2,510.0,930.0,935.0,91.0,1465.0,,,,6.8,,
Astra,8.0,5.6,,1234.0,1274.0,91.0,1660.0,6.5,6.5,3.5,7.8,197.0,4.0
Aurion,13.3,7.0,520.0,1540.0,1590.0,91.0,2110.0,5.5,8.5,4.0,9.9,233.0,5.0
Avalon,11.5,6.8,565.0,1460.0,1505.0,91.0,1990.0,,,,8.5,267.0,3.0
Avenger,12.2,6.8,,1502.5,1510.0,91.0,,6.0,6.5,3.5,8.8,208.0,
Avensis Verso,9.0,6.4,680.0,1515.0,1515.0,91.0,2195.0,6.0,6.5,3.5,9.2,220.0,
B180,8.1,4.9,,1359.0,1425.0,95.0,1950.0,7.5,7.5,4.5,6.1,141.0,5.0
B180 CDI,6.9,4.9,445.0,1414.0,1435.0,,1880.0,7.5,5.0,3.5,5.6,148.0,5.0
B200,9.5,6.0,471.0,1409.0,1409.0,98.0,1880.0,7.0,6.5,3.5,7.3,175.0,5.0
B2200,,,,,,,2480.0,,,,,,
B2600,,,,1470.0,1470.0,,2750.0,,,,,,
BRZ,10.4,6.3,,1216.0,1256.0,98.0,,6.75,7.5,4.0,7.8,180.0,5.0
BT-50,11.5,7.6,1271.0,1884.0,1789.0,,3050.0,5.25,3.0,2.5,8.9,241.0,5.0
Baleno,8.0,6.4,510.0,960.0,985.0,91.0,1465.0,,,,7.0,,
Barina,8.5,5.7,,1100.0,1082.0,91.0,1432.5,7.0,6.5,3.5,6.9,174.0,5.0
Barina Spark,7.2,4.7,,948.0,967.0,91.0,,8.0,8.5,5.0,5.6,128.0,4.0
Beetle,9.5,6.3,388.0,1287.0,1287.0,95.0,1675.0,6.0,6.5,3.5,9.5,228.0,4.0
Berlina,11.5,7.0,408.0,1641.0,1598.0,91.0,2171.0,5.0,8.5,3.5,10.3,266.0,5.0
Berlingo,9.7,6.2,800.0,1466.0,1085.0,91.0,1890.0,7.0,6.0,3.5,7.4,176.0,
Bluebird,9.75,6.5,,1310.0,1310.0,91.0,,,,,7.7,,
Bora,10.0,6.4,524.0,1350.5,1346.0,95.0,1857.5,,,,9.55,236.5,
Boxster,14.6,7.4,,1293.0,1300.0,95.0,1620.0,6.75,7.5,4.0,10.1,186.0,
Bravo,12.5,,1378.0,1480.0,1442.0,91.0,2695.0,,,,11.6,276.0,3.0
Brumby,,,,,,,1620.0,,,,,,
C-HR,7.95,5.55,450.0,1445.0,1447.5,95.0,1897.5,,,,6.45,146.0,5.0
C180,10.0,6.4,470.0,1400.0,1375.0,91.0,1850.0,7.5,7.5,4.5,7.75,146.0,
C180 Kompressor,9.5,6.0,470.0,1500.0,1475.0,91.0,1955.0,,,,8.5,202.0,5.0
C2,8.3,5.2,,1055.0,1055.0,98.0,1430.0,,,,6.3,151.0,4.0
C200,10.0,6.4,535.0,1470.0,1365.0,91.0,1830.0,7.5,7.5,4.5,7.7,158.0,5.0
C200 CDI,6.5,4.8,548.0,1600.0,1542.0,,2090.0,7.5,6.0,3.5,5.4,143.0,5.0
C200 CGI,10.2,5.6,505.0,1461.0,1505.0,95.0,2010.0,7.0,8.5,4.5,7.3,171.0,5.0
C200 Kompressor,10.55,5.9,466.0,1461.0,1509.0,95.0,1970.0,6.5,8.5,4.5,9.0,211.0,5.0
C220 CDI,8.899999999999999,5.15,495.0,1566.0,1597.5,,2092.5,7.0,5.5,3.5,6.550000000000001,172.5,5.0
C230 Kompressor,,,360.0,1585.0,1585.0,,1945.0,,,,9.2,221.0,5.0
C240,10.5,6.8,480.0,1350.0,1410.0,91.0,1900.0,,,,8.2,256.0,
C250,9.1,5.4,470.0,1510.0,1550.0,95.0,2020.0,7.5,7.5,4.5,6.9,160.0,5.0
C250 CDI,6.3,4.4,470.0,1621.0,1660.0,,2130.0,8.0,6.0,4.0,5.1,134.0,5.0
C250 CGI,10.6,5.9,505.0,1479.0,1505.0,95.0,2010.0,7.0,8.5,4.5,7.7,180.0,5.0
C3,9.0,5.15,465.0,1028.0,1068.5,95.0,1533.5,,,,6.55,155.0,4.0
C30,,,400.0,1388.5,1339.0,93.0,1860.0,5.75,5.0,3.0,9.2,219.0,5.0
C320,,,480.0,1510.0,1510.0,91.0,2045.0,,,,10.8,260.0,
C320 CDI,10.1,6.0,485.0,1666.0,1700.0,,2185.0,6.5,5.0,3.5,7.4,196.0,5.0
C350,,,,1491.0,1491.0,,,,,,10.0,239.0,5.0
C36,12.0,8.5,,1540.0,1560.0,95.0,,,,,9.8,,
C4,11.25,5.75,520.0,1239.5,1282.5,95.0,1805.0,7.0,5.0,3.5,7.6,185.5,4.0
C4 Picasso,10.4,5.85,680.0,1590.0,1610.0,95.0,2290.0,6.5,5.75,3.5,8.15,185.0,5.0
C5,9.8,5.8,510.0,1499.5,1520.0,,2030.0,6.5,5.0,3.25,7.1,186.0,4.0
C63,21.0,9.3,440.0,1716.0,1730.0,98.0,2170.0,3.0,8.5,3.5,13.5,321.0,5.0
C70,10.8,6.9,444.0,1589.0,1588.0,95.0,2015.0,5.5,8.5,3.5,9.8,259.0,
CC,6.8,5.1,,1521.0,,,,7.5,5.0,3.5,5.7,150.0,
CLA200,7.3,4.8,490.0,1410.0,1430.0,95.0,1920.0,8.0,7.5,4.5,5.7,133.0,5.0
CLA200 CDI,5.1,3.7,480.0,1509.0,1525.0,,2005.0,8.5,7.5,5.0,4.2,110.0,5.0
CLA250,8.8,5.8,485.0,1526.0,1565.0,95.0,2050.0,7.5,7.5,4.5,6.9,160.0,
CLA45,8.9,5.9,490.0,1569.0,1585.0,98.0,2075.0,7.0,7.5,4.0,7.0,164.0,5.0
CLC200 Kompressor,11.7,6.3,470.0,1471.0,1480.0,95.0,1950.0,6.5,6.5,3.5,8.2,196.0,5.0
CLK200 Kompressor,12.6,6.3,470.0,1540.0,1540.0,95.0,2010.0,6.0,8.5,4.0,9.0,217.0,5.0
CLK230 Kompressor,10.5,6.2,425.0,1370.0,1425.0,91.0,1850.0,,,,7.8,,
CLK240,10.5,7.0,,1575.0,1575.0,95.0,2010.0,,,,10.5,252.0,5.0
CLK280,14.25,7.6,,1725.0,1725.0,95.0,,5.0,8.5,3.5,10.1,241.0,5.0
CLK320,11.0,7.2,455.0,1420.0,1605.0,95.0,2060.0,,,,11.0,264.0,5.0
CLK350,14.6,10.0,,1565.0,1615.0,95.0,,5.5,8.5,4.0,10.0,239.0,5.0
CLK430,11.5,7.4,405.0,1470.0,1565.0,91.0,1960.0,,,,8.9,,
CLK500,,,440.0,,1785.0,91.0,2225.0,,,,11.5,276.0,5.0
CLK55,12.5,7.8,340.0,1620.0,1620.0,91.0,1960.0,,,,9.5,,
CLS350,14.3,10.1,465.0,1686.0,1730.0,95.0,2195.0,5.5,7.5,3.75,11.0,263.0,
CLS500,16.4,11.3,465.0,1766.0,1810.0,95.0,2275.0,,,,12.6,300.0,
CR-V,10.4,7.8,480.0,1520.0,1520.0,91.0,2060.0,5.5,6.5,3.5,8.7,237.0,4.0
CR-Z,5.6,4.35,395.0,1150.5,1175.0,91.0,1570.0,8.0,7.5,4.5,4.85,114.5,5.0
CRX,8.0,6.2,,,1115.0,95.0,1430.0,,,,6.9,,
CT200h,4.0,4.1,380.0,1440.0,1465.0,95.0,1845.0,9.0,8.5,5.0,4.1,95.0,5.0
CX-3,7.6,5.2,,1190.0,1226.0,91.0,,7.5,7.5,4.5,6.1,146.0,5.0
CX-5,8.0,5.5,497.0,1505.0,1557.5,91.0,2048.0,7.5,6.5,3.5,6.4,149.0,5.0
CX-7,,,392.0,1700.0,1771.0,95.0,2192.0,4.5,5.0,3.0,11.5,273.0,5.0
CX-9,15.4,9.0,539.0,1985.0,2080.0,91.0,2619.0,4.5,6.5,3.0,11.3,270.0,5.0
Cabrio,9.5,5.4,355.0,1160.0,1250.0,91.0,1575.0,6.75,5.0,3.5,7.9,187.0,
Caddy,6.6,5.3,780.0,1375.0,1481.0,95.0,2235.0,7.0,5.5,3.5,6.2,166.0,4.0
Calais,13.0,7.6,489.0,1682.0,1730.0,91.0,2154.0,4.75,6.5,3.25,10.1,269.0,5.0
Caliber,10.3,6.7,530.0,1400.0,1400.0,91.0,1930.0,6.5,6.5,3.5,8.0,190.0,4.0
Calibra,11.0,6.6,,1380.0,1375.0,95.0,,,,,8.2,,
Camira,9.0,6.2,,,1106.0,91.0,,,,,7.2,,
Camry,10.9,6.0,580.0,1450.0,1500.0,91.0,2100.0,6.5,6.5,3.5,7.9,183.0,4.0
Camry Vienta,11.5,7.6,,1410.0,1455.0,91.0,1920.0,,,,9.0,,
Capri,8.5,6.0,,1056.0,1056.0,91.0,,,,,6.9,,
Caprice,14.0,8.5,408.0,1801.5,1788.0,91.0,2196.0,4.5,6.5,3.0,11.7,289.5,5.0
Captiva,10.7,7.0,408.0,1779.0,1764.0,91.0,2505.0,5.5,5.0,3.0,8.6,225.0,4.0
Captur,6.6,4.7,546.0,1189.0,1215.0,95.0,,,,,5.4,125.0,5.0
Caravelle,10.4,6.9,921.0,1996.5,2053.0,95.0,3000.0,6.0,5.0,2.5,8.649999999999999,216.0,
Carry,7.6,,455.0,853.0,865.0,91.0,1450.0,,,,,,
Cascada,9.8,6.2,,1711.0,1786.0,95.0,,6.5,7.5,4.0,7.5,181.0,
Cayenne,20.9,10.5,775.0,2182.0,2225.0,95.0,3060.0,3.25,5.5,2.5,14.9,358.0,
Cayman,14.1,7.1,315.0,1350.0,1350.0,98.0,1665.0,,,,9.5,227.0,
Celica,9.5,6.2,434.0,1132.0,1166.0,91.0,1600.0,,,,7.4,205.0,
Chairman,18.1,10.3,505.0,1588.0,1775.0,95.0,2280.0,3.5,5.0,2.5,12.9,307.0,
Challenger,12.5,9.5,645.0,1985.0,1850.0,91.0,2430.0,5.0,3.0,2.5,11.9,259.0,4.0
Charade,7.4,5.2,475.0,845.0,765.0,91.0,1170.0,,,,6.4,118.0,2.0
Cherokee,15.1,10.0,590.0,1866.0,1856.0,91.0,2506.0,4.0,5.5,3.0,12.0,293.0,5.0
Cielo,8.0,5.9,435.0,,1025.0,91.0,1471.0,,,,6.7,,
City,7.9,5.3,,1085.0,1120.0,91.0,,8.0,7.5,4.5,6.3,148.0,4.0
Civic,8.5,5.6,455.0,1210.0,1210.0,91.0,1690.0,7.0,6.5,4.5,6.9,164.0,4.0
Clio,7.85,5.1,553.0,1202.0,1104.0,95.0,1657.0,8.5,7.5,5.0,6.3,139.5,5.0
Clubman,8.3,5.2,410.0,1175.0,1280.0,95.0,1690.0,7.5,7.5,4.5,6.3,147.0,
Colorado,11.3,7.4,1113.0,1860.0,1872.0,91.0,2900.0,5.0,3.0,2.5,8.8,236.0,3.0
Colorado 7,12.25,7.9,615.0,2120.0,2205.0,,2785.0,5.0,3.0,2.5,9.35,247.5,5.0
Colt,6.7,5.0,400.0,1024.0,1050.0,91.0,1475.0,8.0,5.0,3.5,5.9,140.0,3.0
Combo,7.9,5.8,746.0,1110.0,1179.0,91.0,1925.0,7.5,5.0,3.5,6.3,149.5,
Commander,13.5,9.2,650.0,2250.0,2250.0,93.0,2900.0,4.0,3.0,2.0,10.8,284.0,
Commodore,12.0,7.2,480.0,1609.0,1597.0,91.0,2051.0,5.0,5.0,3.0,9.0,260.0,5.0
Compass,10.7,6.7,485.0,1447.0,1525.0,91.0,2010.0,6.5,8.0,4.0,8.2,190.0,
Continental,25.85,12.149999999999999,415.0,2540.0,2480.0,96.5,2920.0,1.5,5.5,2.0,17.15,409.5,
Cordia,,,,,,,,,,,,,
Cordoba,10.0,6.2,,,1005.0,91.0,,,,,7.6,,
Corolla,8.5,6.1,495.0,1245.0,1275.0,91.0,1645.0,7.0,6.5,3.5,7.4,173.0,5.0
Corona,,,,,1085.0,,,,,,,,
Corsair,,,,1150.0,1150.0,,,,,,,,
Cortina,,,,,,,,,,,,,
Cougar,11.0,6.6,,1410.0,1466.0,91.0,,,,,8.2,,
Countach,,,,,1490.0,,,,,,,,
Countryman,11.100000000000001,6.55,485.0,1389.5,1417.5,96.5,,6.5,6.5,3.5,8.2,191.0,
Coupe,8.9,5.8,391.0,1139.0,1180.0,91.0,1572.0,,,,6.9,,
Courier,13.0,,1168.0,1510.0,1524.0,91.0,2684.0,,,,10.0,265.0,3.0
Crafter,,,1389.0,1892.0,2161.0,,3550.0,,,,,,
Cressida,,,,,1490.0,,1925.0,,,,,,
Crewman,,,1065.0,1844.5,1761.0,91.0,2826.0,3.5,4.0,2.0,12.7,290.0,
Cross country,12.5,7.6,,1655.0,1655.0,95.0,2210.0,,,,9.4,,
Crossfire,14.3,7.7,,1350.0,1440.0,91.0,,,,,9.9,239.0,
Crown,,,,,,,,,,,,,
Cruze,9.5,5.5,430.0,1377.0,1422.0,91.0,1844.0,7.0,6.5,4.5,6.9,175.0,5.0
Cuore,5.8,5.0,420.0,720.0,720.0,91.0,1140.0,,,,5.3,,
D-MAX,10.5,7.0,1035.0,1860.0,1830.0,,2900.0,6.0,3.0,2.5,8.3,220.0,3.0
DB7,,,,1910.0,1910.0,95.0,,,,,,,
DB9,24.5,11.149999999999999,,1800.0,1800.0,96.5,,1.75,5.75,2.25,16.05,381.0,
DS3,9.4,5.1,,1063.0,1165.0,95.0,,7.5,8.5,5.0,6.7,155.0,
Defender,13.6,9.7,1331.0,1928.0,1977.0,,3050.0,4.0,3.0,2.0,11.05,295.0,
Discovery,12.7,9.0,780.5,2140.0,2003.0,95.0,2750.0,,,,10.4,,3.0
Discovery 3,13.1,8.5,775.0,2383.5,2455.0,95.0,3230.0,4.5,3.0,2.0,12.7,314.5,4.0
Discovery 4,11.2,8.3,745.0,2440.0,2495.0,,3240.0,5.0,3.0,2.5,9.3,244.0,
Discovery Sport,7.0,5.4,,1730.0,1775.0,,2505.0,,,,6.0,159.0,5.0
Dispatch,9.1,6.3,1188.0,1605.0,1744.0,,2932.0,6.5,3.0,3.0,7.4,196.0,
Double 6,19.0,11.5,,1922.0,1982.0,95.0,2395.0,,,,14.3,,
Dualis,10.9,6.6,529.0,1435.0,1473.0,91.0,1960.0,6.5,6.5,3.5,8.2,195.0,5.0
Ducato,9.0,,1914.0,2009.0,2010.0,,4005.0,,,,9.5,253.0,
E1600,,,1000.0,,,,2250.0,,,,,,
E1800,,,1011.0,1257.5,1272.5,91.0,2283.5,,,,10.1,238.0,
E200,8.2,5.4,555.0,1617.0,1655.0,95.0,2210.0,7.5,7.5,4.5,6.4,148.0,
E200 Kompressor,,,535.0,,1570.0,95.0,2105.0,,,,9.1,220.0,
E2000,11.5,,1310.0,1375.0,1410.0,91.0,2750.0,,,,11.15,264.0,
E220,10.5,7.8,,1540.0,1590.0,91.0,2130.0,,,,8.8,,
E220 CDI,5.9,4.3,565.0,1718.0,1735.0,,2300.0,8.0,6.0,4.0,4.9,132.0,5.0
E2200,,,1500.0,,,,3070.0,,,,,,
E230,9.5,6.2,500.0,1410.0,1440.0,91.0,1950.0,,,,7.4,,
E240,10.5,7.2,500.0,1460.0,1500.0,91.0,2000.0,,,,8.4,252.0,
E250 CDI,,,470.0,1627.0,1695.0,,2165.0,,,,5.3,139.0,5.0
E250 CGI,10.3,6.1,535.0,1603.0,1650.0,95.0,2185.0,7.0,7.5,4.0,7.6,179.0,5.0
E2500,,,1268.0,1625.0,1625.0,,2893.0,,,,,,
E280,14.7,9.9,502.5,1625.0,1625.0,95.0,2105.0,5.5,8.5,4.0,9.7,232.0,
E320,11.0,6.8,527.5,1590.0,1645.0,91.0,2170.0,,,,10.0,238.0,
E350,13.7,7.1,470.0,1609.0,1695.0,95.0,2205.0,5.25,8.5,3.75,9.7,238.0,5.0
E350 CDI,9.0,5.6,445.0,1776.0,1825.0,,2270.0,6.5,6.0,3.5,6.9,182.0,5.0
E430,10.0,6.8,530.0,1550.0,1650.0,91.0,2180.0,,,,8.0,,
E500,12.5,7.6,525.0,1740.0,1725.0,91.0,2250.0,5.0,8.5,3.5,11.6,276.0,5.0
E55,,,,1812.0,1812.0,91.0,2360.0,,,,13.1,314.0,
E63,,,525.0,1779.0,1840.0,98.0,2365.0,,,,12.7,298.0,5.0
ES300,12.0,7.8,,1505.0,1537.5,91.0,2020.0,,,,10.0,255.0,
ES300h,6.0,5.2,465.0,1665.0,1685.0,91.0,2150.0,8.0,8.5,5.0,5.5,130.0,
ES350,13.5,7.2,465.0,1625.0,1665.0,95.0,2130.0,5.5,6.5,3.5,9.5,224.0,
Echo,6.2,4.6,,839.0,865.0,91.0,1380.0,,,,5.8,138.0,3.0
EcoSport,8.4,5.4,401.0,1248.0,1276.0,91.0,1690.0,7.5,7.5,4.5,6.5,154.0,5.0
Econovan,11.0,6.8,1366.0,1381.0,1415.0,91.0,2793.0,,,,8.3,,
Elantra,9.4,5.7,463.0,1260.0,1289.0,91.0,1755.0,7.0,6.5,3.5,7.5,186.0,3.0
Elantra LaVita,9.0,6.0,,,1248.0,91.0,1840.0,,,,7.1,,
Eos,10.6,6.3,,1571.0,1571.0,98.0,,6.5,6.5,3.5,7.9,184.0,4.0
Epica,,,,1460.0,1499.0,91.0,,6.0,6.5,3.5,9.3,219.0,4.0
Escape,13.0,8.0,483.0,1527.0,1568.0,91.0,2046.0,5.0,5.0,3.0,9.8,250.0,4.0
Espero,10.0,6.0,,,1148.5,91.0,1630.0,,,,7.5,,
Esprit,20.0,9.3,,1345.0,1380.0,95.0,,,,,13.2,,
Eunos 30X,10.0,7.4,,,1151.0,91.0,,,,,8.4,,
Evora,14.0,7.5,,1441.0,,95.0,,5.5,7.5,3.5,9.9,229.0,
Exa,,,,,1120.0,,,,,,,,
Excel,7.6,5.0,,925.0,952.0,91.0,,,,,6.0,,
Explorer,14.6,9.9,519.0,1869.0,1955.0,91.0,2477.0,,,,11.6,361.0,
Express,12.0,8.5,1025.0,1266.0,1360.0,91.0,2362.5,5.0,4.5,3.0,10.4,258.0,1.0
F-PACE,6.2,4.7,,1775.0,,,2460.0,,,,5.3,139.0,
F100,,,1000.0,,1790.0,,2790.0,,,,,,
F150,,,1250.0,1790.0,1840.0,,2766.0,,,,,,
F20LV,,,550.0,,,,,,,,,,
F250,,,1073.0,,3146.0,,4219.0,,,,,,
F350,,,2000.0,2230.0,2536.0,,4536.0,,,,,,
F430,22.4,10.5,,1290.0,1520.0,95.0,,,,,18.3,420.0,
FJ Cruiser,14.9,9.3,510.0,1955.0,2000.0,91.0,2510.0,4.5,5.5,3.0,11.4,267.0,
Fabia,5.9,4.2,,1087.0,,95.0,,,,,4.8,111.0,5.0
Fairlane,13.0,8.0,,1632.0,1702.0,91.0,,5.0,5.0,3.0,10.4,248.0,
Fairmont,12.0,7.6,,1563.0,1630.0,91.0,,5.0,5.0,3.0,9.5,272.0,4.0
Falcon,12.0,7.4,498.0,1640.0,1648.0,91.0,2210.0,5.0,5.0,3.0,10.9,255.0,4.0
Falcon Ute,14.8,9.0,788.0,1678.0,1655.0,91.0,2510.0,5.0,4.0,2.5,11.5,260.0,4.0
Feroza,,,400.0,1275.0,1155.0,,1650.0,,,,,,
Feroza II,,,400.0,,1318.0,,1750.0,,,,,,
Festiva,7.6,5.6,,898.0,928.0,91.0,,,,,6.3,,
Fiesta,8.3,4.9,405.0,1097.0,1095.0,91.0,1500.0,7.5,6.5,4.0,6.1,146.0,4.0
Fluence,10.5,6.2,445.0,1348.0,1383.0,95.0,1814.0,6.5,6.5,3.5,7.8,185.0,
Focus,9.4,5.1,528.0,1306.0,1310.0,91.0,1900.0,7.5,6.5,3.5,8.0,192.0,5.0
Forester,10.2,7.2,525.0,1440.0,1480.0,91.0,2015.0,6.0,6.5,3.5,9.3,220.0,5.0
Fortuner,11.0,7.3,,2095.0,2135.0,,2750.0,,,,8.6,228.0,5.0
Freelander,11.0,6.8,495.0,1528.0,1565.0,93.0,2050.0,,,,8.3,240.0,3.0
Freelander 2,11.0,6.8,550.0,1845.0,1775.0,95.0,2505.0,5.5,3.0,2.5,8.5,224.0,5.0
Freemont,14.8,7.8,,1820.0,1791.0,91.0,2313.0,2.5,7.5,3.0,10.4,242.0,
Frontera,13.75,,700.0,1680.0,1700.0,91.0,2400.0,,,,,,
GL320 CDI,12.9,8.2,700.0,2377.0,2450.0,,3150.0,4.5,3.0,2.0,10.0,264.0,
GL350 CDI,11.6,7.8,745.0,2446.0,2505.0,,3250.0,5.0,5.0,3.0,9.2,242.0,
GLA200 CDI,5.3,4.2,485.0,1545.0,1505.0,,2020.0,8.0,7.5,4.5,4.6,122.0,
GLC250,6.5,5.3,655.0,1997.0,1845.0,,2500.0,,,,5.7,149.0,5.0
GS200t,11.2,6.2,,1705.0,1745.0,95.0,2170.0,,,,8.0,186.0,
GS250,12.9,7.2,450.0,1680.0,1720.0,95.0,2170.0,6.0,8.5,4.0,9.3,215.0,
GS300,11.25,7.6,490.0,1600.0,1686.0,91.0,2140.0,5.5,6.5,3.5,9.8,232.0,5.0
GS350,14.1,7.7,450.0,1705.0,1745.0,95.0,2190.0,5.5,6.5,3.5,10.0,232.0,
GS430,,,490.0,1670.0,1695.0,95.0,2160.0,,,,11.4,269.0,
GS450h,6.9,5.8,425.0,1825.0,1930.0,91.0,2355.0,6.5,8.5,4.5,7.9,186.0,
GS460,,,490.0,1690.0,1735.0,95.0,2210.0,5.0,6.5,3.5,11.0,258.0,
GT,15.450000000000001,7.75,,1351.0,1365.0,95.0,,5.0,6.5,3.25,10.55,251.5,
GTV,11.55,6.75,410.0,1327.5,1392.5,93.0,1800.0,,,,8.55,,
Galant,10.5,6.6,,1242.0,1284.0,91.0,1800.0,,,,8.0,,
Gallardo,29.1,13.9,,,1520.0,,,,,,19.5,463.0,
Gemini,,,,,,,,,,,,,
Gen 2,11.1,6.4,,1175.0,1175.0,95.0,,6.75,5.0,3.5,8.1,192.0,
Getz,7.8,5.2,439.0,1091.0,1091.0,91.0,1535.0,7.5,5.0,3.5,6.2,148.0,3.0
Giulietta,10.8,5.8,,1299.0,1320.0,95.0,,7.0,7.5,4.0,7.6,177.0,5.0
Golf,7.3,4.9,465.5,1320.0,1362.5,95.0,1670.0,7.5,6.5,4.0,6.1,148.0,5.0
GranCabrio,23.2,10.6,,1887.0,1980.0,95.0,,,,,15.2,354.0,
Grand Cherokee,15.0,8.6,612.0,2169.0,2130.0,91.0,2948.0,5.0,6.0,3.0,11.0,256.0,5.0
Grand Vitara,11.35,8.05,458.0,1533.0,1529.5,91.0,2070.0,5.5,5.0,3.5,9.2,224.0,4.0
Grand Voyager,14.5,11.0,627.5,1862.0,1880.0,91.0,2511.0,3.5,5.5,2.5,12.3,319.0,2.0
Grandeur,12.0,7.0,,1563.0,1609.0,91.0,2060.0,5.0,5.0,3.0,8.8,255.0,
Grandis,,,575.0,1621.5,1660.0,91.0,2250.0,5.0,6.5,3.5,10.4,247.0,
H3,17.2,11.3,,2231.0,2268.0,91.0,,3.5,6.5,3.0,13.5,320.0,
HR-V,8.5,5.8,,1328.0,1202.0,91.0,1580.0,,,,6.9,155.0,5.0
Handivan,,,400.0,,,,970.0,,,,,,
Hatch,9.2,5.6,430.0,1100.0,1140.0,91.0,1525.0,7.0,6.5,3.75,6.7,166.0,5.0
Hiace,10.9,7.4,1040.0,1620.0,1701.0,91.0,2800.0,5.0,3.0,2.5,11.3,270.0,3.0
Hiace SBV,,,1141.0,1560.0,1609.0,91.0,2950.0,,,,11.3,270.0,
Hilux,11.0,7.1,1065.0,1655.0,1708.0,91.0,2780.0,5.5,3.0,2.5,8.6,228.0,4.0
Hilux 4Runner,,,,,,,2520.0,,,,,,
IS F,16.8,8.3,420.0,1690.0,1700.0,95.0,2120.0,4.5,6.5,3.0,11.4,270.0,5.0
IS200,10.0,7.4,,1330.0,1375.0,91.0,1890.0,,,,9.9,235.0,
IS250,12.7,7.0,465.0,1580.0,1560.0,95.0,2045.0,6.0,5.0,3.5,9.1,214.0,5.0
IS250 C,13.1,7.1,345.0,1710.0,1730.0,95.0,2075.0,6.0,8.5,4.0,9.3,219.0,
IS300,,,,,1505.0,91.0,1970.0,,,,10.6,254.0,
IS300h,5.0,5.0,425.0,1680.0,1720.0,95.0,2145.0,8.5,8.5,5.0,4.9,113.0,5.0
IS350,13.7,7.4,445.0,1645.0,1685.0,95.0,2130.0,5.5,6.5,3.5,9.7,225.0,5.0
Ibiza,8.5,5.6,,885.5,907.5,91.0,,,,,6.7,,
Ignis,6.8,4.8,530.0,915.0,900.0,91.0,1430.0,,,,5.5,150.0,
Impreza,10.5,7.2,525.0,1320.0,1360.0,91.0,1860.0,6.0,6.5,3.5,8.8,219.0,5.0
Infiniti,13.5,10.0,,,1838.0,95.0,,,,,11.3,,
Insight,4.9,4.5,440.0,1195.0,1210.0,91.0,1650.0,8.5,6.5,4.5,4.6,109.0,5.0
Integra,9.25,6.9,,1140.5,1160.0,95.0,1600.0,,,,7.7,208.0,
J11,11.6,7.05,375.0,1408.0,1387.5,95.0,1762.5,6.0,6.5,3.75,8.75,209.5,
J3,12.0,7.1,450.0,1310.0,1350.0,95.0,1800.0,6.5,6.5,3.5,8.9,200.0,
JUKE,8.3,5.2,,1203.0,,95.0,1645.0,7.5,6.5,4.0,6.3,145.0,5.0
Jackaroo,15.0,,652.5,1870.0,1940.0,91.0,2600.0,,,,,,
Jazz,7.7,5.3,,1065.0,1060.0,91.0,1490.0,7.5,6.5,4.0,6.1,144.0,4.0
Jetta,7.7,5.0,,1455.0,1487.0,95.0,,7.0,6.0,3.5,6.2,153.0,5.0
Jimny,9.3,6.4,360.0,1036.0,1060.0,95.0,1420.0,7.0,5.0,3.5,7.3,174.0,
Journey,14.8,7.8,530.0,1824.0,1942.0,91.0,2472.0,5.0,7.5,3.5,10.4,242.0,
Jumbuck,8.5,5.8,635.0,1015.0,1045.0,91.0,1680.0,7.0,5.0,3.5,7.1,166.0,1.0
Ka,7.2,5.0,,929.0,955.0,91.0,1265.0,,,,5.8,,
Kalos,7.2,4.8,450.0,1062.5,1057.5,91.0,1505.0,,,,5.7,,
Kangoo,10.8,6.6,608.0,1302.0,1319.5,95.0,1949.0,6.5,6.0,4.0,8.0,190.0,4.0
Kingswood,,,,,,,2160.0,,,,,,
Kizashi,10.9,6.2,510.0,1490.0,1485.0,91.0,2000.0,6.5,6.5,3.5,7.9,187.0,
Kluger,15.0,8.7,735.0,1895.0,1920.0,91.0,2670.0,5.0,5.5,3.0,11.0,259.0,5.0
Koleos,11.8,7.9,528.0,1577.0,1622.0,95.0,2150.0,5.5,6.5,3.5,9.3,223.0,5.0
Kombi,13.4,8.6,780.0,2220.0,1700.0,95.0,3000.0,5.0,3.0,2.5,9.6,259.0,
Korando,8.75,5.9,523.0,1637.0,1737.0,,2260.0,6.75,6.0,3.5,6.95,184.0,
Kuga,7.6,5.65,481.0,1703.0,1749.0,95.0,2230.0,7.0,6.0,3.5,6.4,167.0,5.0
Kyron,,,,1941.0,2028.0,,2530.0,5.5,3.0,2.5,8.6,228.0,
L Series,,,,1080.0,1080.0,,,,,,,,
LS400,12.0,7.6,,1674.0,1674.0,91.0,,,,,9.2,269.0,
LS460,15.7,7.8,,1965.0,2020.0,95.0,2455.0,5.0,8.5,3.5,10.7,249.0,
LS600h,10.5,7.5,,2285.0,2340.0,95.0,2765.0,6.5,8.5,4.5,8.6,199.0,
LS600hL,,,440.0,2337.5,2390.0,95.0,2787.5,6.0,5.5,3.5,9.3,219.0,
LT,,,1631.0,,1919.0,,3550.0,,,,,,
LTD,14.5,9.0,,1675.0,1662.0,91.0,,,,,11.0,,
LX470,,,730.0,2460.0,2530.0,91.0,3260.0,,,,16.1,380.0,
LX570,20.1,11.7,600.0,2650.0,2745.0,95.0,3350.0,2.5,5.5,2.5,14.8,350.0,4.0
Lacetti,,,,,1235.0,91.0,1695.0,,,,9.3,221.0,
Laguna,9.0,7.0,,,1315.0,95.0,1950.0,,,,8.5,204.0,5.0
Lancer,9.0,5.8,525.0,1299.0,1285.0,91.0,1850.0,6.5,6.5,3.5,7.75,196.0,4.0
Landcruiser,12.0,9.3,915.0,2237.0,2220.0,91.0,3200.0,3.5,3.0,2.0,11.9,313.0,4.0
Landcruiser Prado,10.6,7.3,730.0,2250.0,2190.0,91.0,2900.0,5.5,3.0,2.5,9.2,244.0,5.0
Lanos,8.9,5.5,,994.0,1021.0,91.0,1595.0,,,,6.7,,
Lantra,9.0,5.699999999999999,,1103.0,1170.0,91.0,1630.0,,,,6.9,,
Laser,9.0,6.6,,1071.0,1121.5,91.0,,,,,7.5,,
Latitude,7.9,5.1,508.5,1620.0,1668.0,91.0,2170.0,,,,6.5,170.0,
Leganza,10.3,6.1,465.0,1291.0,1336.0,91.0,1830.0,,,,7.6,,
Legend,13.0,9.5,,1810.0,1518.5,93.0,,4.5,6.5,3.0,11.3,280.0,
Leone,,,,,,,,,,,,,
Lexcen,12.0,7.6,,1356.0,1378.0,91.0,,,,,9.2,,
Liana,9.7,6.0,465.0,1130.0,1175.0,91.0,1640.0,7.0,5.0,3.5,7.4,171.0,
Liberty,11.2,6.6,545.0,1439.0,1400.0,91.0,1930.0,6.5,6.5,3.5,8.4,198.0,5.0
Liteace,,,,,,,2120.0,,,,,,
Longchamp,,,,,,,,,,,,,
M21,9.1,6.4,,1075.0,1075.0,95.0,1480.0,,,,7.4,,
MB100,,,1290.0,1725.0,1725.0,91.0,3000.0,,,,,,
MB140,,,1525.0,1775.0,1775.0,91.0,3300.0,,,,,,4.0
MDX,,,620.0,2000.0,1980.0,95.0,2600.0,,,,12.9,308.0,
ML250,7.4,5.7,775.0,2145.0,2175.0,,2950.0,7.0,7.5,4.0,6.4,168.0,
ML270 CDI,12.5,6.4,700.0,1950.0,2170.0,,2870.0,,,,9.1,241.0,
ML280 CDI,,,645.0,2119.0,2185.0,,2830.0,5.0,3.0,2.5,9.6,254.0,4.0
ML300 CDI,11.4,7.9,685.0,2116.0,2185.0,,2870.0,5.0,4.0,2.75,9.399999999999999,248.5,5.0
ML320,13.0,10.0,720.0,1950.0,1930.0,91.0,2650.0,,,,11.1,,
ML320 CDI,13.1,8.0,720.0,2119.0,2110.0,,2830.0,5.0,3.0,2.5,9.6,254.0,4.0
ML350,15.2,9.3,770.0,2056.0,2060.0,95.0,2830.0,4.5,8.5,3.5,11.7,279.0,4.0
ML350 CDI,13.1,8.0,695.0,2118.0,2185.0,,2830.0,5.0,3.0,2.5,9.8,260.0,5.0
ML430,14.5,10.5,560.0,1990.0,2090.0,91.0,2650.0,,,,12.0,,
ML500,,,730.0,2116.0,2100.0,95.0,2830.0,,,,13.4,319.0,4.0
ML55,15.0,10.5,520.0,2080.0,2160.0,91.0,2750.0,,,,14.3,343.0,
ML63,24.1,12.2,594.0,2239.5,2286.0,98.0,2880.0,1.5,5.5,2.0,16.5,392.0,4.5
MPV,13.0,9.0,,1633.0,1750.0,91.0,,,,,10.85,308.0,
MR2,8.5,6.0,,975.0,990.0,91.0,1240.0,,,,6.9,,
MU-X,10.7,7.1,,2030.0,,,2750.0,6.0,3.0,2.5,8.4,223.0,5.0
MX-5,9.5,6.6,,1080.0,1105.0,95.0,,6.5,5.0,3.5,7.8,200.0,4.0
MX-6,11.0,8.5,,1153.0,1255.0,,,,,,9.4,,
Magna,10.5,6.8,436.0,1409.0,1468.0,91.0,1884.0,,,,8.3,272.0,3.0
Malibu,11.2,6.2,,1588.0,1583.0,91.0,,6.5,8.5,4.5,8.0,192.0,5.0
Master,9.6,7.9,1596.0,1904.0,1931.5,,3510.0,5.5,5.0,3.0,8.5,226.0,
Matiz,6.4,4.4,370.0,758.0,778.0,91.0,1148.0,,,,5.1,,
Maverick,,,1000.0,1946.0,2007.0,,,,,,,,
Maxima,11.0,7.2,518.0,1505.0,1503.0,95.0,2080.0,5.0,6.5,3.5,10.2,259.0,4.0
Megane,9.6,6.2,469.0,1356.5,1374.0,95.0,1835.0,7.0,7.5,4.0,7.5,174.0,5.0
Meteor,,,,,975.0,,,,,,,,
Micra,8.2,5.6,,952.0,952.0,91.0,,7.5,6.5,4.0,6.5,154.0,4.0
Mira,6.0,,,,640.0,,1040.0,,,,,,
Mirage,7.2,4.8,480.0,905.0,935.0,91.0,1495.0,,,5.0,5.7,109.0,5.0
Monaro,13.0,7.6,,1591.0,1646.0,91.0,1971.0,,,,13.7,353.0,4.0
Mondeo,7.7,5.4,,1562.0,1603.0,91.0,1810.0,7.0,5.0,3.5,6.2,165.0,5.0
Move,6.9,5.3,409.0,731.0,755.0,91.0,1140.0,,,,5.9,,
Multivan,10.4,6.9,759.0,2166.0,2316.0,,3000.0,6.0,5.0,3.0,8.2,216.0,
Murano,14.9,8.6,543.0,1822.0,1827.0,95.0,2360.0,5.0,6.5,3.0,10.9,259.0,
Musso,11.6,7.2,569.0,1775.0,1951.0,91.0,2520.0,5.5,1.5,2.0,8.8,235.0,
Mustang,12.5,8.5,,1663.0,1628.0,96.5,,,,,10.0,,2.0
NX,9.5,6.6,490.0,1825.0,1860.0,95.0,2350.0,6.5,7.5,4.0,7.7,178.0,5.0
Navara,11.7,8.5,938.0,1920.0,1930.0,91.0,2805.0,5.0,3.0,2.5,9.6,242.0,3.0
Neon,9.5,5.8,,1122.0,1163.0,91.0,1625.0,,,,7.2,,
Nimbus,10.5,7.4,,1485.0,1525.0,91.0,2150.0,,,,8.5,,
Nitro,17.4,9.0,665.0,1875.0,1875.0,91.0,2540.0,4.5,5.5,3.0,12.1,288.0,
Nomad,,,,,1370.0,,2160.0,,,,,,
Nova,8.0,6.4,,1015.0,1030.0,91.0,,,,,7.1,,
Nubira,9.5,6.0,,1164.0,1283.0,91.0,1720.0,,,,7.3,,
Octavia,8.25,5.5,410.0,1425.0,1495.0,95.0,1970.0,7.5,7.5,4.0,6.5,154.0,5.0
Odyssey,11.5,7.1,600.0,1635.0,1635.0,91.0,2180.0,6.0,6.5,3.5,9.4,223.0,4.5
One tonner,,,1294.0,,1532.0,91.0,2826.0,,,,13.6,322.0,
Outback,10.7,7.1,530.0,1500.0,1502.0,91.0,2010.0,6.5,6.5,3.5,8.7,198.0,5.0
Outlander,11.9,7.3,677.0,1538.0,1545.0,91.0,2210.0,5.5,7.5,4.0,9.3,222.0,4.0
PIK-UP,,,1180.0,1892.5,1970.0,,3150.0,,,,9.1,,3.0
PT Cruiser,13.85,8.1,392.0,1441.0,1452.0,91.0,1920.0,5.0,5.0,3.0,10.0,239.0,
Pajero,12.0,8.0,707.5,2174.0,2085.0,91.0,2920.0,5.5,3.0,2.5,10.3,241.0,4.0
Pajero Sport,9.8,7.0,665.0,1992.0,2045.0,,2710.0,,,,8.0,212.0,5.0
Pajero iO,10.0,7.4,460.0,1330.0,1310.0,91.0,1790.0,,,,8.4,,
Panamera,19.6,8.7,530.0,1905.0,1970.0,98.0,2500.0,3.5,6.5,3.0,12.7,303.0,
Parisienne,,,,,,,,,,,,,
Partner,7.0,5.1,670.0,1460.0,1460.0,,2130.0,,,,5.8,153.0,
Paseo,7.7,5.5,,903.5,939.5,91.0,1300.0,,,,6.3,,
Passat,8.0,5.6,380.0,1554.0,1527.0,95.0,1870.0,7.0,6.0,3.5,6.7,168.0,5.0
Pathfinder,13.5,8.7,667.0,2137.5,2165.0,91.0,2880.0,4.5,3.0,2.0,10.2,264.0,4.0
Patriot,11.5,7.6,462.5,1645.0,1552.5,91.0,2010.0,6.0,7.5,3.5,9.1,210.0,
Patrol,14.1,10.0,690.0,2130.0,2292.0,91.0,3060.0,3.5,3.0,1.5,11.6,305.0,3.0
Persona,9.55,7.0,430.0,1050.0,1075.0,91.0,1617.5,7.25,6.5,3.75,7.9,159.0,
Pintara,,,,,1185.0,,,,,,,,
Polo,7.2,4.9,505.0,1151.0,1090.0,95.0,1500.0,7.5,7.5,4.5,6.1,140.0,5.0
Prelude,10.5,8.0,,1298.0,1295.0,95.0,1700.0,,,,8.9,,
Premacy,10.5,8.0,,1295.0,1330.0,91.0,,,,,8.9,,
Prius,3.9,3.7,430.0,1270.0,1295.0,91.0,1725.0,8.5,8.5,5.0,4.4,106.0,5.0
Prius C,3.7,3.8,445.0,1120.0,1120.0,91.0,1565.0,9.0,8.5,5.0,3.9,90.0,5.0
Prius V,4.2,4.3,,1540.0,1565.0,95.0,2115.0,8.5,8.5,5.0,4.4,101.0,5.0
Probe,10.5,6.9,,,1332.5,91.0,,,,,8.2,,
Pulsar,8.0,5.4,485.0,1200.0,1180.0,91.0,1740.0,7.5,6.5,4.0,6.7,161.0,5.0
Punto,7.4,4.7,,1024.0,,91.0,,8.0,7.5,4.5,5.7,132.0,
Q2,6.1,4.65,,1472.5,,95.0,1937.5,,,,5.15,126.5,5.0
Q3,10.2,6.4,600.0,1555.0,1555.0,95.0,2155.0,7.0,7.5,4.0,7.7,179.0,5.0
Q5,9.2,6.6,580.0,1770.0,1830.0,95.0,2365.0,6.5,6.5,3.5,7.5,184.0,5.0
Q50,6.4,4.6,,1729.0,,,2250.0,8.0,6.0,4.0,5.2,138.0,5.0
Q7,11.3,7.8,695.0,2295.0,2295.0,95.0,2990.0,5.5,3.0,2.5,9.1,239.0,4.0
QASHQAI,9.2,5.5,,1408.0,1440.0,91.0,,7.5,7.5,4.0,6.9,159.0,5.0
QX70,11.2,7.8,,2036.0,,,2700.0,5.5,6.0,3.5,9.0,238.0,
Quattroporte,,,,1860.0,1930.0,,2390.0,,,,18.9,440.0,
R300 CDI,12.2,7.6,670.0,2167.0,2195.0,,2866.0,5.0,3.0,2.5,9.3,246.0,
R350,15.6,9.1,642.0,2116.0,2168.0,95.0,2810.0,4.5,8.5,3.5,11.55,275.0,
RAV4,11.4,6.8,515.0,1550.0,1585.0,91.0,2100.0,5.5,6.5,3.5,9.1,214.0,4.0
RC,13.1,7.2,,1700.0,1740.0,95.0,2170.0,,,,9.4,217.0,
RCZ,10.3,5.5,,1267.0,1372.0,95.0,,7.0,8.5,4.5,7.3,168.0,
RS5,14.9,8.5,,1725.0,1725.0,98.0,2225.0,5.0,6.5,3.5,10.8,252.0,
RX-7,13.0,7.6,,,1265.5,95.0,,,,,9.6,,
RX-8,17.950000000000003,9.350000000000001,,1299.0,1354.0,95.0,,3.5,5.75,2.75,12.6,299.0,
RX200t,10.1,7.0,,1950.0,1995.0,95.0,2500.0,,,,8.1,189.0,5.0
RX270,13.4,7.6,460.0,1905.0,1950.0,91.0,2410.0,5.5,8.5,4.0,9.7,226.0,
RX330,17.2,9.5,499.0,,1881.0,91.0,2380.0,,,,12.3,294.0,
RX350,14.6,8.55,563.0,2040.0,1975.0,95.0,2545.0,5.0,5.5,3.0,10.8,254.0,5.0
RX400h,,,,1970.0,,91.0,2505.0,6.5,8.5,4.5,8.1,192.0,
RX450h,6.5,6.1,495.0,2165.0,2205.0,95.0,2700.0,7.5,8.5,5.0,6.3,149.0,5.0
Raider,13.0,,549.0,,1792.0,,2365.0,,,,,,
Ralliart Evo,,,,1280.0,1280.0,95.0,,,,,,,
Range Rover,22.1,11.4,600.0,2090.0,2220.0,91.0,2780.0,5.5,3.0,2.5,15.3,229.0,4.5
Range Rover Evoque,7.9,5.7,555.0,1795.0,1795.0,,2350.0,7.0,6.0,3.5,6.5,174.0,4.0
Range Rover Sport,12.7,8.4,590.0,2515.0,2535.0,95.0,3125.0,4.5,3.0,2.0,10.2,271.0,
Range Rover Vogue,22.4,12.2,413.0,2632.0,2687.0,95.0,3100.0,2.0,4.0,1.5,16.0,376.0,4.0
Ranger,11.7,8.2,1148.0,1861.0,1897.0,91.0,3039.0,5.0,3.0,2.5,9.2,246.0,3.0
Rapid,6.9,4.6,,1183.0,,95.0,,8.0,7.5,4.5,5.45,128.0,5.0
Renegade,7.8,5.0,,1295.0,,98.0,,,,,6.0,141.0,
Rexton,18.2,10.9,659.0,1997.5,2000.5,91.0,2655.0,5.25,3.0,2.5,12.149999999999999,260.0,
Rocky,,,505.0,,1721.0,,2322.5,,,,,,
Rodeo,,,1130.0,1695.0,1640.0,91.0,2800.0,5.5,4.0,2.5,12.0,282.0,3.0
Rukus,11.9,7.1,435.0,1395.0,1420.0,91.0,1855.0,6.0,6.5,3.5,8.8,208.0,
S Coupe,7.6,5.4,,,936.0,,,,,,6.2,,
S-Cross,7.1,5.1,605.0,1165.0,1125.0,91.0,1730.0,8.0,6.5,4.0,5.8,137.0,5.0
S-Type,12.5,8.0,460.0,1720.0,1720.0,95.0,2180.0,,,,10.7,259.0,
S2000,10.5,7.8,,1259.0,1259.0,95.0,,,,,8.8,,
S280,13.5,10.0,660.0,,1890.0,91.0,2550.0,,,,11.3,,
S3,8.8,5.9,560.0,1445.0,1406.0,95.0,1982.5,6.0,6.5,3.5,6.9,159.0,5.0
S320,11.0,7.5,530.0,1770.0,1770.0,91.0,2300.0,,,,8.8,275.0,
S350,14.3,7.3,595.0,1802.0,1880.0,95.0,2475.0,5.5,8.5,4.0,9.8,234.0,
S350 CDI,10.5,6.0,595.0,1907.0,1955.0,,2550.0,6.0,5.0,3.0,7.7,202.0,
S4,13.5,7.0,550.0,1650.0,1685.0,95.0,2235.0,,,,9.4,219.0,5.0
S40,10.5,6.9,,1322.5,1362.5,91.0,1750.0,5.5,5.0,3.0,8.85,219.0,5.0
S420,16.0,11.0,,,2090.0,91.0,2600.0,,,,12.8,,
S430,12.5,7.8,530.0,1770.0,1855.0,91.0,2380.0,,,,12.3,294.0,
S5,13.8,7.4,500.0,1745.0,1752.5,95.0,2130.0,4.75,6.5,3.25,9.7,227.0,5.0
S500,15.25,9.5,525.0,1875.0,1997.5,91.0,2530.0,,,,13.100000000000001,320.0,
S60,9.9,6.25,,1529.0,1562.0,91.0,2020.0,5.5,5.0,3.0,9.55,228.5,4.0
S600,15.0,9.5,425.0,2035.0,2035.0,91.0,2460.0,,,,14.8,355.0,
S63,22.3,10.0,525.0,2048.0,2070.0,95.0,2595.0,2.5,8.5,3.0,14.5,346.0,
S70,11.5,6.8,,1388.0,1441.0,91.0,,,,,8.5,,
S8,19.7,9.7,,1940.0,,95.0,2540.0,3.5,4.0,2.0,13.4,319.0,
S80,10.85,6.8,613.0,1622.0,1637.0,95.0,2200.0,5.5,5.75,3.25,8.7,232.5,
SC430,12.0,8.5,315.0,1675.0,1740.0,95.0,2055.0,4.5,6.5,3.0,11.6,277.0,
SL350,,,,1715.0,1715.0,95.0,2050.0,,,,11.7,281.0,
SL500,14.0,8.5,295.0,,1845.0,91.0,2140.0,,,,12.7,304.0,
SLK200,9.0,6.4,260.0,1240.0,1270.0,91.0,1530.0,,,,7.4,,4.0
SLK200 Kompressor,10.4,6.05,315.0,1362.0,1390.0,95.0,1705.0,6.5,8.5,4.5,8.7,206.0,4.0
SLK230 Kompressor,10.0,6.6,,1300.0,1325.0,91.0,1585.0,,,,9.7,235.0,
SLK250,8.8,5.5,315.0,1450.0,1500.0,95.0,1815.0,7.5,7.5,4.5,6.7,155.0,
SLK300,14.2,7.1,315.0,1423.0,1465.0,95.0,1800.0,5.5,8.5,4.0,9.8,227.0,4.0
SLK32,12.0,7.6,260.0,1495.0,1495.0,95.0,1755.0,,,,11.2,268.0,
SLK350,13.2,7.1,,1442.0,1495.0,95.0,1780.0,4.5,8.5,3.5,9.9,235.0,
SQ5,8.0,6.4,610.0,2055.0,1920.0,95.0,2530.0,7.0,6.0,3.5,6.8,179.0,5.0
SX4,9.8,6.3,440.0,1230.0,1270.0,91.0,1710.0,6.5,5.0,3.5,8.7,212.0,
Safari,,,810.0,2040.0,1915.0,,2725.0,,,,,,
Santa Fe,9.6,6.3,632.0,1923.0,1968.0,91.0,2600.0,6.5,3.0,3.0,7.5,197.0,5.0
Satria,7.9,6.6,,930.0,967.5,91.0,1376.0,7.0,6.5,3.5,7.2,177.0,
Savvy,7.7,4.55,,947.0,970.0,95.0,,8.0,6.5,4.0,5.7,134.0,
Scenic,9.6,7.0,,1073.0,1320.0,91.0,1845.0,6.0,5.0,3.0,8.0,205.0,
Scirocco,11.0,6.4,,1376.0,1371.0,98.0,,6.5,7.5,4.0,8.1,189.5,
Scudo,9.2,6.4,1200.0,1605.0,1732.0,,2932.0,6.5,3.0,3.0,7.4,196.0,
Sebring,12.3,6.9,310.0,1495.0,1510.0,91.0,2175.0,6.0,6.5,3.5,8.9,211.0,
Serena,10.5,7.8,,1335.0,1335.0,91.0,,,,,8.8,,
Sierra,,,406.0,850.0,930.0,,1330.0,,,,,,
Sirion,6.4,5.5,450.0,790.0,810.0,91.0,1260.0,,,,5.6,151.0,3.0
Skyline,,,,,1370.0,,,,,,,,
Sonata,10.5,6.6,489.0,1497.0,1523.0,91.0,2030.0,6.0,8.5,4.0,8.4,199.0,4.0
Spacia,10.0,8.5,720.0,1380.0,1415.0,91.0,2135.0,,,,9.1,,
Spider,10.5,6.8,260.0,1351.0,1370.0,91.0,1630.0,,,,8.2,,
Sportswagon,10.0,7.0,,1055.0,1150.0,91.0,1740.0,,,,8.1,,
Sprinter,8.0,6.6,1500.0,2045.0,2080.0,91.0,3550.0,,,,7.1,,
Spyder,,,,1630.0,1690.0,95.0,1980.0,,,,,,
Starlet,6.6,4.8,536.0,809.0,834.0,91.0,1370.0,,,,5.5,,
Starwagon,11.5,8.5,730.0,1552.0,1605.0,91.0,2320.0,,,,9.4,,
Statesman,13.5,8.0,,1690.0,1686.0,91.0,,4.0,5.0,2.5,10.5,281.0,5.0
Stavic,11.350000000000001,7.35,737.0,1936.0,2063.0,,2750.0,5.75,3.0,2.5,8.75,226.0,4.0
Suburban,,,958.0,2942.0,2942.0,,3900.0,,,,,,
Super V8,18.6,9.0,,1905.0,1905.0,95.0,,4.0,5.0,2.5,12.3,299.0,
Superb,8.55,5.75,480.0,1578.0,1617.5,95.0,2113.0,7.0,6.0,3.5,6.9,166.0,5.0
Supra,,,,,1535.0,91.0,1945.0,,,,,,
Swift,7.9,5.4,430.0,1007.0,1035.0,91.0,1470.0,7.5,6.5,4.0,6.3,152.0,5.0
TT,10.6,6.1,325.0,1280.0,1315.0,98.0,1635.0,6.5,5.0,3.5,8.55,186.0,4.0
Tacuma,11.5,7.4,480.0,,1345.0,91.0,1825.0,,,,8.9,,
Tarago,12.6,7.7,635.0,1685.0,1725.0,91.0,2430.0,5.5,6.5,3.5,9.5,222.0,5.0
Taurus,11.0,7.0,,,1555.0,91.0,,,,,8.5,,
Telcoline,9.5,10.5,990.0,1790.0,1790.0,,2780.0,,,,10.1,,
Telstar,10.25,7.55,,,1250.0,91.0,,,,,8.55,,
Telstar TX5,10.75,8.25,,,1260.0,91.0,,,,,9.15,,
Terios,8.5,7.2,455.0,1020.0,1055.0,91.0,1510.0,,,,7.7,179.0,
Terracan,14.5,9.5,823.0,2197.0,2027.0,91.0,2850.0,4.5,0.5,1.5,11.3,320.5,
Terrano II,,,,1825.0,1875.0,,2580.0,,,,,,
Territory,11.9,7.3,560.0,1964.0,2015.0,91.0,2535.0,5.0,4.0,2.5,11.6,276.0,5.0
Tiburon,11.5,7.6,391.0,1331.0,1369.0,91.0,1760.0,,,,11.0,263.0,
Tigra,,,,1214.0,1248.0,91.0,,,,,7.8,187.0,
Tiguan,9.2,6.5,,1630.0,1630.0,95.0,,6.0,6.5,3.5,7.9,205.0,5.0
Tiida,10.6,6.2,,1124.0,1136.0,91.0,,6.5,5.0,3.5,7.8,187.0,4.0
Toledo,10.5,6.4,,,1155.0,91.0,,,,,7.9,,
Torana,,,,,,,,,,,,,
Touareg,8.6,6.7,688.5,2164.0,2235.0,98.0,2860.0,6.5,5.0,3.5,7.6,201.0,5.0
Townace,10.0,,954.0,1185.0,1206.0,91.0,2150.0,,,,,,
Trafic,8.6,7.6,1236.0,1691.0,1691.0,,2935.0,6.0,3.0,2.5,8.0,210.0,
Trajet,12.0,8.0,,1739.5,1739.5,91.0,,,,,10.6,260.0,
Transit,9.9,7.0,1460.0,1783.0,1807.5,91.0,3300.0,6.0,3.0,2.5,8.7,230.0,3.0
Transporter,10.4,6.9,1190.0,1642.0,1786.0,95.0,3000.0,6.0,5.0,3.0,8.3,216.0,4.0
Trax,10.5,6.1,,1375.0,1371.0,91.0,,7.0,7.5,4.0,7.75,180.0,5.0
Tribeca,16.2,9.0,644.0,1905.0,1942.0,91.0,2586.0,4.5,5.5,3.0,11.6,275.0,5.0
Tribute,13.0,8.0,401.0,1527.0,1576.0,91.0,2043.0,4.5,5.0,3.0,9.8,290.0,4.0
Triton,11.3,7.8,1025.0,1806.0,1790.0,91.0,2810.0,5.5,3.0,2.5,9.3,244.0,4.0
Tucson,12.1,7.6,562.0,1512.0,1548.0,91.0,2110.0,6.0,5.0,3.0,9.2,220.0,4.0
Urvan,,,,,,,2730.0,,,,,,
Ute,12.9,7.7,729.0,1612.0,1641.0,91.0,2365.0,5.0,8.5,3.5,10.9,260.0,5.0
V200,9.4,7.5,1050.0,1776.0,1776.0,,2835.0,6.0,3.0,2.5,8.3,220.0,2.0
V240,13.8,8.9,1000.0,1660.0,1660.0,95.0,2705.0,5.0,6.0,3.0,10.7,251.0,2.0
V40,10.5,6.1,,1462.0,1462.0,95.0,2010.0,7.0,7.5,4.0,7.8,177.0,5.0
V40 Cross Country,11.8,6.5,,1588.0,,95.0,2070.0,,,,8.4,196.0,5.0
V50,11.45,6.1,432.0,1404.0,1452.0,91.0,1875.0,6.0,5.0,3.0,9.1,217.0,
V70,11.5,7.8,469.0,1554.0,1528.0,95.0,2410.0,4.0,6.5,3.0,9.2,281.0,5.0
Valente,10.2,7.0,895.0,2063.0,2155.0,,3050.0,6.0,5.0,3.0,8.2,216.0,5.0
Valiant,,,,,,,,,,,,,
Vanette,,,,,1205.0,,2300.0,,,,,,
Vectra,9.5,6.0,,1329.0,1333.0,91.0,1797.0,,,,7.3,235.0,4.0
Veloster,8.3,5.2,435.0,1235.0,1265.0,91.0,1700.0,7.5,8.5,5.0,6.4,151.0,5.0
Verada,11.5,7.4,407.0,1480.0,1518.0,91.0,1936.0,,,,9.1,290.0,
Viano,10.9,7.2,565.0,1951.0,2235.0,,2800.0,5.5,5.0,3.0,8.6,226.0,5.0
Vienta,11.0,6.8,,1412.0,1462.0,91.0,1895.0,,,,8.3,,
Vitara,11.0,8.0,458.5,997.0,1152.0,,1650.0,,,,9.1,,
Vito,10.2,7.0,1110.0,1790.0,1790.0,91.0,2940.0,5.5,3.0,2.5,8.2,220.0,
Viva,11.5,6.1,,1260.0,1298.0,91.0,,6.5,6.5,3.5,8.8,209.0,4.0
Voyager,14.5,11.0,,1848.0,1848.0,91.0,2476.0,,,,13.3,319.0,
WB,,,,,,,,,,,,,
WRX,12.8,7.1,,1451.0,1497.0,95.0,,6.0,7.5,3.5,9.2,213.0,5.0
Wagon R+,6.2,4.6,480.0,829.5,853.5,91.0,1330.0,,,,5.2,,
Waja,8.0,6.0,,,1205.0,95.0,1610.0,,,,6.7,,
Wira,8.5,6.6,,,1015.0,91.0,,,,,7.3,,
Wrangler,15.7,9.0,501.0,1732.0,1741.0,91.0,2268.0,4.5,8.5,3.5,11.8,282.0,
X-Trail,11.5,7.7,550.0,1522.0,1475.0,91.0,2070.0,6.0,6.5,3.5,9.1,216.0,4.0
X-Type,14.3,7.4,490.0,1437.0,1485.0,95.0,1975.0,5.5,5.0,3.0,10.0,239.0,4.0
X200,11.2,8.0,660.0,1866.0,1890.0,,2550.0,5.5,5.0,3.0,9.2,240.0,
X240,13.6,8.5,475.0,1830.0,1830.0,95.0,2305.0,5.0,6.5,3.5,10.4,244.0,4.0
XC60,10.2,6.2,617.0,1836.0,1888.0,95.0,2505.0,6.0,3.0,2.5,7.6,201.0,5.0
XC70,11.2,7.3,300.0,1890.0,2100.0,95.0,2400.0,5.5,5.0,3.0,8.7,231.0,
XC90,17.200000000000003,9.45,606.0,2184.0,2069.0,95.0,2770.0,3.75,4.75,2.5,12.0,287.0,5.0
XF,14.05,6.6,,1817.5,,95.0,2272.5,5.75,6.5,3.5,9.350000000000001,217.0,
XJ6,11.5,8.5,420.0,,1800.0,95.0,2220.0,,,,9.6,,
XK8,12.1,7.7,,1564.0,1615.0,95.0,2010.0,,,,9.3,,
XKR,18.1,9.2,366.0,,1815.0,95.0,2181.0,,,,12.5,304.0,
XL-7,11.75,8.75,570.0,1610.0,1690.0,91.0,2260.0,,,,9.85,280.0,
XUV500,,,590.0,1810.0,1860.0,,2450.0,,,,7.6,,4.0
XV,8.9,5.9,520.0,1380.0,1420.0,91.0,1940.0,7.0,8.5,4.5,7.0,162.0,5.0
Xenon,9.0,6.5,1020.0,1861.0,,,3000.0,6.5,5.0,3.5,7.4,196.0,4.0
Xsara,10.5,5.6,522.0,1134.0,1155.0,91.0,1663.0,,,,7.6,163.0,
Yaris,8.0,5.2,430.0,1020.0,1055.0,91.0,1490.0,7.5,6.5,4.0,6.5,154.0,5.0
Yeti,7.550000000000001,5.7,,1364.0,1410.0,95.0,,7.0,7.5,4.0,6.35,148.5,
Zafira,10.0,6.6,,1449.0,1480.0,95.0,2004.0,,,,7.9,225.0,
allroad,11.8,7.0,630.0,1800.0,1880.0,95.0,2510.0,5.5,5.0,3.0,8.8,232.0,5.0
city-coupe,5.9,4.0,260.0,730.0,730.0,95.0,990.0,,,,4.7,,
forfour,7.45,4.8,450.0,1010.0,1007.5,95.0,1457.5,,,,6.0,142.5,
fortwo,5.9,4.0,260.0,730.0,730.0,95.0,990.0,8.5,8.5,5.0,4.7,113.0,4.0
i20,8.2,5.4,420.0,1103.0,1145.0,91.0,1565.0,7.5,6.5,4.0,6.4,152.0,5.0
i30,9.7,5.5,453.0,1367.0,1377.0,91.0,1840.0,7.0,8.5,4.5,7.1,170.0,5.0
i40,10.4,5.9,485.0,1504.0,1595.0,91.0,2080.0,7.0,7.5,4.0,7.5,176.0,5.0
i45,11.2,6.0,502.0,1525.0,1528.0,91.0,2030.0,6.5,8.5,4.5,7.9,188.0,
iLoad,12.8,7.7,1061.0,2028.0,2084.0,91.0,3160.0,5.5,3.0,2.5,9.6,238.0,
iMax,13.3,9.0,802.0,2081.0,2128.0,91.0,2930.0,5.0,3.0,2.5,10.6,250.0,4.0
ix35,11.4,6.8,475.0,1551.0,1585.0,91.0,2060.0,6.0,6.5,3.5,8.5,203.0,5.0
up!,6.1,4.2,,880.0,,95.0,,8.5,7.5,5.0,4.9,114.0,5.0
